[{"model": "admin.logentry", "pk": 1, "fields": {"action_time": "2021-07-28T05:00:34.193Z", "user": 1, "content_type": 7, "object_id": "1", "object_repr": "1", "action_flag": 1, "change_message": "[{\"added\": {}}]"}}, {"model": "admin.logentry", "pk": 2, "fields": {"action_time": "2021-07-28T05:01:24.952Z", "user": 1, "content_type": 7, "object_id": "2", "object_repr": "2", "action_flag": 1, "change_message": "[{\"added\": {}}]"}}, {"model": "admin.logentry", "pk": 3, "fields": {"action_time": "2021-07-28T05:01:45.183Z", "user": 1, "content_type": 7, "object_id": "3", "object_repr": "3", "action_flag": 1, "change_message": "[{\"added\": {}}]"}}, {"model": "admin.logentry", "pk": 4, "fields": {"action_time": "2021-07-28T05:02:13.703Z", "user": 1, "content_type": 7, "object_id": "4", "object_repr": "4", "action_flag": 1, "change_message": "[{\"added\": {}}]"}}, {"model": "admin.logentry", "pk": 5, "fields": {"action_time": "2021-07-28T05:02:37.632Z", "user": 1, "content_type": 7, "object_id": "5", "object_repr": "5", "action_flag": 1, "change_message": "[{\"added\": {}}]"}}, {"model": "admin.logentry", "pk": 6, "fields": {"action_time": "2021-07-28T05:03:15.781Z", "user": 1, "content_type": 7, "object_id": "6", "object_repr": "6", "action_flag": 1, "change_message": "[{\"added\": {}}]"}}, {"model": "admin.logentry", "pk": 7, "fields": {"action_time": "2021-07-28T05:03:40.017Z", "user": 1, "content_type": 7, "object_id": "7", "object_repr": "7", "action_flag": 1, "change_message": "[{\"added\": {}}]"}}, {"model": "admin.logentry", "pk": 8, "fields": {"action_time": "2021-07-28T05:04:00.902Z", "user": 1, "content_type": 7, "object_id": "8", "object_repr": "8", "action_flag": 1, "change_message": "[{\"added\": {}}]"}}, {"model": "admin.logentry", "pk": 9, "fields": {"action_time": "2021-07-28T05:04:12.280Z", "user": 1, "content_type": 7, "object_id": "1", "object_repr": "1", "action_flag": 2, "change_message": "[{\"changed\": {\"fields\": [\"Description\"]}}]"}}, {"model": "admin.logentry", "pk": 10, "fields": {"action_time": "2021-07-30T04:31:25.291Z", "user": 1, "content_type": 9, "object_id": "7", "object_repr": "OrderPlaced object (7)", "action_flag": 3, "change_message": ""}}, {"model": "admin.logentry", "pk": 11, "fields": {"action_time": "2021-07-30T04:31:25.418Z", "user": 1, "content_type": 9, "object_id": "6", "object_repr": "OrderPlaced object (6)", "action_flag": 3, "change_message": ""}}, {"model": "admin.logentry", "pk": 12, "fields": {"action_time": "2021-07-30T04:31:25.509Z", "user": 1, "content_type": 9, "object_id": "5", "object_repr": "OrderPlaced object (5)", "action_flag": 3, "change_message": ""}}, {"model": "admin.logentry", "pk": 13, "fields": {"action_time": "2021-07-30T04:31:25.593Z", "user": 1, "content_type": 9, "object_id": "4", "object_repr": "OrderPlaced object (4)", "action_flag": 3, "change_message": ""}}, {"model": "admin.logentry", "pk": 14, "fields": {"action_time": "2021-07-30T04:31:25.688Z", "user": 1, "content_type": 9, "object_id": "3", "object_repr": "OrderPlaced object (3)", "action_flag": 3, "change_message": ""}}, {"model": "admin.logentry", "pk": 15, "fields": {"action_time": "2021-07-30T04:31:25.786Z", "user": 1, "content_type": 9, "object_id": "2", "object_repr": "OrderPlaced object (2)", "action_flag": 3, "change_message": ""}}, {"model": "admin.logentry", "pk": 16, "fields": {"action_time": "2021-07-30T04:31:25.904Z", "user": 1, "content_type": 9, "object_id": "1", "object_repr": "OrderPlaced object (1)", "action_flag": 3, "change_message": ""}}, {"model": "admin.logentry", "pk": 17, "fields": {"action_time": "2021-07-31T09:10:17.808Z", "user": 1, "content_type": 6, "object_id": "1", "object_repr": "1", "action_flag": 3, "change_message": ""}}, {"model": "admin.logentry", "pk": 18, "fields": {"action_time": "2021-08-03T16:07:50.603Z", "user": 1, "content_type": 7, "object_id": "1", "object_repr": "1", "action_flag": 2, "change_message": "[{\"changed\": {\"fields\": [\"Image\"]}}]"}}, {"model": "admin.logentry", "pk": 19, "fields": {"action_time": "2021-08-03T16:08:04.848Z", "user": 1, "content_type": 7, "object_id": "2", "object_repr": "2", "action_flag": 2, "change_message": "[{\"changed\": {\"fields\": [\"Image\"]}}]"}}, {"model": "admin.logentry", "pk": 20, "fields": {"action_time": "2021-08-03T16:08:20.565Z", "user": 1, "content_type": 7, "object_id": "3", "object_repr": "3", "action_flag": 2, "change_message": "[{\"changed\": {\"fields\": [\"Image\"]}}]"}}, {"model": "admin.logentry", "pk": 21, "fields": {"action_time": "2021-08-03T16:08:36.912Z", "user": 1, "content_type": 7, "object_id": "4", "object_repr": "4", "action_flag": 2, "change_message": "[{\"changed\": {\"fields\": [\"Image\"]}}]"}}, {"model": "admin.logentry", "pk": 22, "fields": {"action_time": "2021-08-03T16:08:51.821Z", "user": 1, "content_type": 7, "object_id": "5", "object_repr": "5", "action_flag": 2, "change_message": "[{\"changed\": {\"fields\": [\"Image\"]}}]"}}, {"model": "admin.logentry", "pk": 23, "fields": {"action_time": "2021-08-03T16:09:05.250Z", "user": 1, "content_type": 7, "object_id": "7", "object_repr": "7", "action_flag": 2, "change_message": "[{\"changed\": {\"fields\": [\"Image\"]}}]"}}, {"model": "admin.logentry", "pk": 24, "fields": {"action_time": "2021-08-03T16:09:19.477Z", "user": 1, "content_type": 7, "object_id": "8", "object_repr": "8", "action_flag": 2, "change_message": "[{\"changed\": {\"fields\": [\"Image\"]}}]"}}, {"model": "admin.logentry", "pk": 25, "fields": {"action_time": "2021-08-04T07:22:46.163Z", "user": 4, "content_type": 13, "object_id": "1", "object_repr": "Sprint", "action_flag": 1, "change_message": "[{\"added\": {}}]"}}, {"model": "admin.logentry", "pk": 26, "fields": {"action_time": "2021-08-04T07:22:53.619Z", "user": 4, "content_type": 13, "object_id": "2", "object_repr": "Sprint", "action_flag": 1, "change_message": "[{\"added\": {}}]"}}, {"model": "admin.logentry", "pk": 27, "fields": {"action_time": "2021-08-04T07:23:05.885Z", "user": 4, "content_type": 13, "object_id": "3", "object_repr": "Sprint", "action_flag": 1, "change_message": "[{\"added\": {}}]"}}, {"model": "admin.logentry", "pk": 28, "fields": {"action_time": "2021-08-04T07:48:03.105Z", "user": 4, "content_type": 13, "object_id": "4", "object_repr": "Sprint", "action_flag": 1, "change_message": "[{\"added\": {}}]"}}, {"model": "admin.logentry", "pk": 29, "fields": {"action_time": "2021-08-06T06:08:16.584Z", "user": 4, "content_type": 14, "object_id": "1", "object_repr": "specs object (1)", "action_flag": 1, "change_message": "[{\"added\": {}}]"}}, {"model": "admin.logentry", "pk": 30, "fields": {"action_time": "2021-08-06T06:22:23.939Z", "user": 4, "content_type": 14, "object_id": "1", "object_repr": "specs object (1)", "action_flag": 3, "change_message": ""}}, {"model": "admin.logentry", "pk": 31, "fields": {"action_time": "2021-08-06T11:15:09.109Z", "user": 4, "content_type": 14, "object_id": "2", "object_repr": "specs object (2)", "action_flag": 3, "change_message": ""}}, {"model": "admin.logentry", "pk": 32, "fields": {"action_time": "2021-08-06T17:30:54.452Z", "user": 4, "content_type": 9, "object_id": "25", "object_repr": "OrderPlaced object (25)", "action_flag": 3, "change_message": ""}}, {"model": "admin.logentry", "pk": 33, "fields": {"action_time": "2021-08-07T14:59:01.329Z", "user": 4, "content_type": 9, "object_id": "29", "object_repr": "OrderPlaced object (29)", "action_flag": 3, "change_message": ""}}, {"model": "auth.permission", "pk": 1, "fields": {"name": "Can add permission", "content_type": 1, "codename": "add_permission"}}, {"model": "auth.permission", "pk": 2, "fields": {"name": "Can change permission", "content_type": 1, "codename": "change_permission"}}, {"model": "auth.permission", "pk": 3, "fields": {"name": "Can delete permission", "content_type": 1, "codename": "delete_permission"}}, {"model": "auth.permission", "pk": 4, "fields": {"name": "Can view permission", "content_type": 1, "codename": "view_permission"}}, {"model": "auth.permission", "pk": 5, "fields": {"name": "Can add group", "content_type": 2, "codename": "add_group"}}, {"model": "auth.permission", "pk": 6, "fields": {"name": "Can change group", "content_type": 2, "codename": "change_group"}}, {"model": "auth.permission", "pk": 7, "fields": {"name": "Can delete group", "content_type": 2, "codename": "delete_group"}}, {"model": "auth.permission", "pk": 8, "fields": {"name": "Can view group", "content_type": 2, "codename": "view_group"}}, {"model": "auth.permission", "pk": 9, "fields": {"name": "Can add user", "content_type": 3, "codename": "add_user"}}, {"model": "auth.permission", "pk": 10, "fields": {"name": "Can change user", "content_type": 3, "codename": "change_user"}}, {"model": "auth.permission", "pk": 11, "fields": {"name": "Can delete user", "content_type": 3, "codename": "delete_user"}}, {"model": "auth.permission", "pk": 12, "fields": {"name": "Can view user", "content_type": 3, "codename": "view_user"}}, {"model": "auth.permission", "pk": 13, "fields": {"name": "Can add content type", "content_type": 4, "codename": "add_contenttype"}}, {"model": "auth.permission", "pk": 14, "fields": {"name": "Can change content type", "content_type": 4, "codename": "change_contenttype"}}, {"model": "auth.permission", "pk": 15, "fields": {"name": "Can delete content type", "content_type": 4, "codename": "delete_contenttype"}}, {"model": "auth.permission", "pk": 16, "fields": {"name": "Can view content type", "content_type": 4, "codename": "view_contenttype"}}, {"model": "auth.permission", "pk": 17, "fields": {"name": "Can add contact", "content_type": 5, "codename": "add_contact"}}, {"model": "auth.permission", "pk": 18, "fields": {"name": "Can change contact", "content_type": 5, "codename": "change_contact"}}, {"model": "auth.permission", "pk": 19, "fields": {"name": "Can delete contact", "content_type": 5, "codename": "delete_contact"}}, {"model": "auth.permission", "pk": 20, "fields": {"name": "Can view contact", "content_type": 5, "codename": "view_contact"}}, {"model": "auth.permission", "pk": 21, "fields": {"name": "Can add customer", "content_type": 6, "codename": "add_customer"}}, {"model": "auth.permission", "pk": 22, "fields": {"name": "Can change customer", "content_type": 6, "codename": "change_customer"}}, {"model": "auth.permission", "pk": 23, "fields": {"name": "Can delete customer", "content_type": 6, "codename": "delete_customer"}}, {"model": "auth.permission", "pk": 24, "fields": {"name": "Can view customer", "content_type": 6, "codename": "view_customer"}}, {"model": "auth.permission", "pk": 25, "fields": {"name": "Can add product", "content_type": 7, "codename": "add_product"}}, {"model": "auth.permission", "pk": 26, "fields": {"name": "Can change product", "content_type": 7, "codename": "change_product"}}, {"model": "auth.permission", "pk": 27, "fields": {"name": "Can delete product", "content_type": 7, "codename": "delete_product"}}, {"model": "auth.permission", "pk": 28, "fields": {"name": "Can view product", "content_type": 7, "codename": "view_product"}}, {"model": "auth.permission", "pk": 29, "fields": {"name": "Can add test drive", "content_type": 8, "codename": "add_testdrive"}}, {"model": "auth.permission", "pk": 30, "fields": {"name": "Can change test drive", "content_type": 8, "codename": "change_testdrive"}}, {"model": "auth.permission", "pk": 31, "fields": {"name": "Can delete test drive", "content_type": 8, "codename": "delete_testdrive"}}, {"model": "auth.permission", "pk": 32, "fields": {"name": "Can view test drive", "content_type": 8, "codename": "view_testdrive"}}, {"model": "auth.permission", "pk": 33, "fields": {"name": "Can add order placed", "content_type": 9, "codename": "add_orderplaced"}}, {"model": "auth.permission", "pk": 34, "fields": {"name": "Can change order placed", "content_type": 9, "codename": "change_orderplaced"}}, {"model": "auth.permission", "pk": 35, "fields": {"name": "Can delete order placed", "content_type": 9, "codename": "delete_orderplaced"}}, {"model": "auth.permission", "pk": 36, "fields": {"name": "Can view order placed", "content_type": 9, "codename": "view_orderplaced"}}, {"model": "auth.permission", "pk": 37, "fields": {"name": "Can add cart", "content_type": 10, "codename": "add_cart"}}, {"model": "auth.permission", "pk": 38, "fields": {"name": "Can change cart", "content_type": 10, "codename": "change_cart"}}, {"model": "auth.permission", "pk": 39, "fields": {"name": "Can delete cart", "content_type": 10, "codename": "delete_cart"}}, {"model": "auth.permission", "pk": 40, "fields": {"name": "Can view cart", "content_type": 10, "codename": "view_cart"}}, {"model": "auth.permission", "pk": 41, "fields": {"name": "Can add log entry", "content_type": 11, "codename": "add_logentry"}}, {"model": "auth.permission", "pk": 42, "fields": {"name": "Can change log entry", "content_type": 11, "codename": "change_logentry"}}, {"model": "auth.permission", "pk": 43, "fields": {"name": "Can delete log entry", "content_type": 11, "codename": "delete_logentry"}}, {"model": "auth.permission", "pk": 44, "fields": {"name": "Can view log entry", "content_type": 11, "codename": "view_logentry"}}, {"model": "auth.permission", "pk": 45, "fields": {"name": "Can add session", "content_type": 12, "codename": "add_session"}}, {"model": "auth.permission", "pk": 46, "fields": {"name": "Can change session", "content_type": 12, "codename": "change_session"}}, {"model": "auth.permission", "pk": 47, "fields": {"name": "Can delete session", "content_type": 12, "codename": "delete_session"}}, {"model": "auth.permission", "pk": 48, "fields": {"name": "Can view session", "content_type": 12, "codename": "view_session"}}, {"model": "auth.permission", "pk": 49, "fields": {"name": "Can add prodimg", "content_type": 13, "codename": "add_prodimg"}}, {"model": "auth.permission", "pk": 50, "fields": {"name": "Can change prodimg", "content_type": 13, "codename": "change_prodimg"}}, {"model": "auth.permission", "pk": 51, "fields": {"name": "Can delete prodimg", "content_type": 13, "codename": "delete_prodimg"}}, {"model": "auth.permission", "pk": 52, "fields": {"name": "Can view prodimg", "content_type": 13, "codename": "view_prodimg"}}, {"model": "auth.permission", "pk": 53, "fields": {"name": "Can add specs", "content_type": 14, "codename": "add_specs"}}, {"model": "auth.permission", "pk": 54, "fields": {"name": "Can change specs", "content_type": 14, "codename": "change_specs"}}, {"model": "auth.permission", "pk": 55, "fields": {"name": "Can delete specs", "content_type": 14, "codename": "delete_specs"}}, {"model": "auth.permission", "pk": 56, "fields": {"name": "Can view specs", "content_type": 14, "codename": "view_specs"}}, {"model": "auth.user", "pk": 1, "fields": {"password": "pbkdf2_sha256$260000$yQFOFiMyj0x5Vfg46VS54c$HIpoenoSgVN1QwEyZrxB6yzCpgR3G7v9oHW7vizLhYw=", "last_login": "2021-08-03T16:07:22.650Z", "is_superuser": true, "username": "admin", "first_name": "", "last_name": "", "email": "admin@gmail.com", "is_staff": true, "is_active": true, "date_joined": "2021-07-28T04:54:05.069Z", "groups": [], "user_permissions": []}}, {"model": "auth.user", "pk": 2, "fields": {"password": "pbkdf2_sha256$260000$Pxu4dzPugAgXDncYDq6EyF$5FxM/p9gMj2+/aDssjupDTwceLezcWKBfYDksQd9OgU=", "last_login": "2021-07-31T09:06:45.727Z", "is_superuser": false, "username": "srj", "first_name": "Suraj", "last_name": "Naithani", "email": "surajnaithani70@gmail.com", "is_staff": false, "is_active": true, "date_joined": "2021-07-28T05:13:11.374Z", "groups": [], "user_permissions": []}}, {"model": "auth.user", "pk": 3, "fields": {"password": "pbkdf2_sha256$260000$yl9q920CVXNBA0BFut0xat$EihN9r5aTTZK7Lt6szdo8lmrPWcIZO2RIDy+ER2lchQ=", "last_login": "2021-08-07T15:08:19.541Z", "is_superuser": false, "username": "rohan", "first_name": "rohan", "last_name": "patel", "email": "ritik.s10120@gmail.com", "is_staff": false, "is_active": true, "date_joined": "2021-08-03T09:05:23.901Z", "groups": [], "user_permissions": []}}, {"model": "auth.user", "pk": 4, "fields": {"password": "pbkdf2_sha256$260000$9uMh7IxGUd2OC4Jw9qxVDR$56gEfo7M3NewgkopYbz3H618Lu1x0SXXbBjS/xMCkBo=", "last_login": "2021-08-07T15:09:33.197Z", "is_superuser": true, "username": "root", "first_name": "", "last_name": "", "email": "", "is_staff": true, "is_active": true, "date_joined": "2021-08-04T07:22:07.821Z", "groups": [], "user_permissions": []}}, {"model": "contenttypes.contenttype", "pk": 1, "fields": {"app_label": "auth", "model": "permission"}}, {"model": "contenttypes.contenttype", "pk": 2, "fields": {"app_label": "auth", "model": "group"}}, {"model": "contenttypes.contenttype", "pk": 3, "fields": {"app_label": "auth", "model": "user"}}, {"model": "contenttypes.contenttype", "pk": 4, "fields": {"app_label": "contenttypes", "model": "contenttype"}}, {"model": "contenttypes.contenttype", "pk": 5, "fields": {"app_label": "onlineshop", "model": "contact"}}, {"model": "contenttypes.contenttype", "pk": 6, "fields": {"app_label": "onlineshop", "model": "customer"}}, {"model": "contenttypes.contenttype", "pk": 7, "fields": {"app_label": "onlineshop", "model": "product"}}, {"model": "contenttypes.contenttype", "pk": 8, "fields": {"app_label": "onlineshop", "model": "testdrive"}}, {"model": "contenttypes.contenttype", "pk": 9, "fields": {"app_label": "onlineshop", "model": "orderplaced"}}, {"model": "contenttypes.contenttype", "pk": 10, "fields": {"app_label": "onlineshop", "model": "cart"}}, {"model": "contenttypes.contenttype", "pk": 11, "fields": {"app_label": "admin", "model": "logentry"}}, {"model": "contenttypes.contenttype", "pk": 12, "fields": {"app_label": "sessions", "model": "session"}}, {"model": "contenttypes.contenttype", "pk": 13, "fields": {"app_label": "onlineshop", "model": "prodimg"}}, {"model": "contenttypes.contenttype", "pk": 14, "fields": {"app_label": "onlineshop", "model": "specs"}}, {"model": "sessions.session", "pk": "22sxqvf4ixb2rim6utnx5pxnaazxv7rj", "fields": {"session_data": ".eJxVjEEOwiAQRe_C2hAKgqNL956BzDCDVA0kpV0Z726bdKHb_977bxVxmUtcukxxZHVRTh1-N8L0lLoBfmC9N51anaeR9KbonXZ9ayyv6-7-HRTsZa3FDAHIANlzsnmAxN4ElxzmkA0mwyKWPBALQg5CEo5W0HpmOK0c1ecL_-w5QA:1mAu32:JaOUBHs7kS5SmeGPFG6aEQr9WA_gFY0wbzzYTBWAmaU", "expire_date": "2021-08-17T13:01:32.747Z"}}, {"model": "sessions.session", "pk": "39vdxp6fxzpyhclhs41holckhiy2cmn4", "fields": {"session_data": "e30:1mBtR2:tB_yq_AE2gd3X6aeKc5Wg7jTnDCyJyIpOgo8sODLGd0", "expire_date": "2021-08-20T06:34:24.672Z"}}, {"model": "sessions.session", "pk": "cxfgm1vngbuflmbshxd6vtserv91ccga", "fields": {"session_data": ".eJxVjEEOwiAQRe_C2hAKgqNL956BzDCDVA0kpV0Z726bdKHb_977bxVxmUtcukxxZHVRTh1-N8L0lLoBfmC9N51anaeR9KbonXZ9ayyv6-7-HRTsZa3FDAHIANlzsnmAxN4ElxzmkA0mwyKWPBALQg5CEo5W0HpmOK0c1ecL_-w5QA:1mBDnH:sd24qjkj24cpOODpDyKECCk48CUbOTl08QwaseqXYSw", "expire_date": "2021-08-18T10:06:35.918Z"}}, {"model": "sessions.session", "pk": "d30ug5dqhe0h7van58sfc166ykxuqfik", "fields": {"session_data": ".eJxVjMsOwiAQRf-FtSEwPOq4dO83EGAGqRqalHZl_HfbpAvd3nPOfYsQ16WGtfMcRhIXYcXpd0sxP7ntgB6x3SeZp7bMY5K7Ig_a5W0ifl0P9--gxl63OhIqBkOsFVtXiFEPGal4VMOZKYEH9Nlo7bJzZAoYIAOJMRW72Vl8vvaEOJ0:1mCNx7:NBF0PtmXzVrW4Af5t1-aMWZA9fFXi5ULTdfAFSQIqPA", "expire_date": "2021-08-21T15:09:33.237Z"}}, {"model": "sessions.session", "pk": "ej6tz2bkcevozdzx67pdy85bmgyaztjx", "fields": {"session_data": ".eJxVjEEOwiAQRe_C2hAKgqNL956BzDCDVA0kpV0Z726bdKHb_977bxVxmUtcukxxZHVRTh1-N8L0lLoBfmC9N51anaeR9KbonXZ9ayyv6-7-HRTsZa3FDAHIANlzsnmAxN4ElxzmkA0mwyKWPBALQg5CEo5W0HpmOK0c1ecL_-w5QA:1mArUb:BwU778M0VdJqkWAW39tdyv9hazXPQOFsslq6dIEpo8s", "expire_date": "2021-08-17T10:17:49.785Z"}}, {"model": "sessions.session", "pk": "f4gtme6hjewotynjag0k0ntpjtw6mqul", "fields": {"session_data": ".eJxVjEEOwiAQRe_C2hAKgqNL956BzDCDVA0kpV0Z726bdKHb_977bxVxmUtcukxxZHVRTh1-N8L0lLoBfmC9N51anaeR9KbonXZ9ayyv6-7-HRTsZa3FDAHIANlzsnmAxN4ElxzmkA0mwyKWPBALQg5CEo5W0HpmOK0c1ecL_-w5QA:1mAu0c:3LF4pxOkOrmjvo8L8P-ScxslXQSu0TqUTinK3r6SPm8", "expire_date": "2021-08-17T12:59:02.459Z"}}, {"model": "sessions.session", "pk": "fjjsx51lvuxj6clwjohq1b2qto65b067", "fields": {"session_data": ".eJxVjDsOwyAQRO9CHSEM5pcyvc-AdlkITiKQjF1FuXtsyUVSjTTvzbxZgG0tYetpCTOxK5Ps8tshxGeqB6AH1HvjsdV1mZEfCj9p51Oj9Lqd7t9BgV72dVZSehQOrJZ-MNnvaYxwRqKmCIpMwjg6AQ6N1VlbKzOoAQlTHiMl9vkCxo44Dg:1m9kxB:Vkl5md3_JM75WfLOYvUXkL779mRiN0SON0vjh5hB9nE", "expire_date": "2021-08-14T09:06:45.789Z"}}, {"model": "sessions.session", "pk": "ji0k2e4mwj9tovo4y20rghss3twwsvkv", "fields": {"session_data": ".eJxVjDsOwjAQBe_iGllZe_GHkp4zWOvP4gBypDipEHcnkVJAOzPvvUWgdalh7WUOYxYXAeL0yyKlZ2m7yA9q90mmqS3zGOWeyMN2eZtyeV2P9u-gUq_b2lDUaEhbVENMmdkwJG-s2_iAmtBpj2CUyghnSxApsyH2BTyTYyU-X95FN_w:1m8baK:ykvtW6HcWowtKH-H7GykTyu34oJJnkIfDWjMEBgLfv0", "expire_date": "2021-08-11T04:54:24.459Z"}}, {"model": "sessions.session", "pk": "mvf2wpeohppylhrgivfhkwjb1rqs75lf", "fields": {"session_data": "e30:1mBtQb:WntVIcpION4uERfwO55tr06mjoxBtIuemUyQWwQ6nV4", "expire_date": "2021-08-20T06:33:57.475Z"}}, {"model": "sessions.session", "pk": "qm7mpcdcunhjvhbr6dmergftapc75s1i", "fields": {"session_data": ".eJxVjDsOwjAQBe_iGllZe_GHkp4zWOvP4gBypDipEHcnkVJAOzPvvUWgdalh7WUOYxYXAeL0yyKlZ2m7yA9q90mmqS3zGOWeyMN2eZtyeV2P9u-gUq_b2lDUaEhbVENMmdkwJG-s2_iAmtBpj2CUyghnSxApsyH2BTyTYyU-X95FN_w:1mAwws:n_laQgvuOCRzTVlDM7PbYZ9xbXQ2EZPtCvGJbfclNOY", "expire_date": "2021-08-17T16:07:22.655Z"}}, {"model": "sessions.session", "pk": "sp1gt1syae6bxteufv97d7ftq7z9bbut", "fields": {"session_data": ".eJxVjEEOwiAQRe_C2hAKgqNL956BzDCDVA0kpV0Z726bdKHb_977bxVxmUtcukxxZHVRTh1-N8L0lLoBfmC9N51anaeR9KbonXZ9ayyv6-7-HRTsZa3FDAHIANlzsnmAxN4ElxzmkA0mwyKWPBALQg5CEo5W0HpmOK0c1ecL_-w5QA:1mBX1u:_woB4CBzraLKnVxjWAQzo4n4yIfbf5O0VGF7TryaiH8", "expire_date": "2021-08-19T06:38:58.383Z"}}, {"model": "sessions.session", "pk": "uebsbeubzk0vbd4m4wo0316687prc2av", "fields": {"session_data": ".eJxVjDsOwyAQRO9CHSEM5pcyvc-AdlkITiKQjF1FuXtsyUVSjTTvzbxZgG0tYetpCTOxK5Ps8tshxGeqB6AH1HvjsdV1mZEfCj9p51Oj9Lqd7t9BgV72dVZSehQOrJZ-MNnvaYxwRqKmCIpMwjg6AQ6N1VlbKzOoAQlTHiMl9vkCxo44Dg:1m8bsf:d7w-81850w6ZCxN6X_CUstHUvR3nzoENsMs9CPigKJw", "expire_date": "2021-08-11T05:13:21.021Z"}}, {"model": "sessions.session", "pk": "z1k5kprujyhbrdmjldpmxhoauieq0z9z", "fields": {"session_data": "e30:1mBtNs:rNF-RUfotE9ui7SRtq3vLL4yqFVgT037aXVb4o4iUQg", "expire_date": "2021-08-20T06:31:08.990Z"}}, {"model": "onlineshop.customer", "pk": 2, "fields": {"user": 2, "name": "Suraj Naithani", "email": "", "locality": "madi", "zipcode": 249161, "city": "Tehri Garhwal"}}, {"model": "onlineshop.customer", "pk": 3, "fields": {"user": 3, "name": "ritik sisodiya", "email": "", "locality": "indore", "zipcode": 452001, "city": "indore"}}, {"model": "onlineshop.customer", "pk": 4, "fields": {"user": 3, "name": "ritik sisodiya", "email": "", "locality": "indore", "zipcode": 452001, "city": "indore"}}, {"model": "onlineshop.customer", "pk": 5, "fields": {"user": 4, "name": "ritik sisodiya", "email": "", "locality": "indore", "zipcode": 452001, "city": "indore"}}, {"model": "onlineshop.product", "pk": 1, "fields": {"name": "Sprint", "company": "", "original_price": null, "price": 50000.0, "ActualPrice": 60000.0, "color": "Red", "category": "", "description": "ISprint is a Electric Scooter with 24AH/48V and 70KMs/charge with 25 KM/h Speed.", "image": "img/Neon.png"}}, {"model": "onlineshop.product", "pk": 2, "fields": {"name": "Sprint", "company": "", "original_price": null, "price": 50000.0, "ActualPrice": 60000.0, "color": "Yellow", "category": "", "description": "Sprint is a Electric Scooter with 24AH/48V and 70KMs/charge with 25 KM/h Speed.", "image": "img/Hasten_1.png"}}, {"model": "onlineshop.product", "pk": 3, "fields": {"name": "Sprint", "company": "", "original_price": null, "price": 50000.0, "ActualPrice": 60000.0, "color": "Red", "category": "", "description": "Sprint is a Electric Scooter with 24AH/48V and 70KMs/charge with 25 KM/h Speed.", "image": "img/Sprint_1.png"}}, {"model": "onlineshop.product", "pk": 4, "fields": {"name": "Sprint", "company": "", "original_price": null, "price": 50000.0, "ActualPrice": 60000.0, "color": "Blue", "category": "", "description": "Sprint is a Electric Scooter with 24AH/48V and 70KMs/charge with 25 KM/h Speed.", "image": "img/Sprint_1_uCQCsPz.png"}}, {"model": "onlineshop.product", "pk": 5, "fields": {"name": "Sprint", "company": "", "original_price": null, "price": 50000.0, "ActualPrice": 60000.0, "color": "Grey", "category": "", "description": "Sprint is a Electric Scooter with 24AH/48V and 70KMs/charge with 25 KM/h Speed.", "image": "img/Sprint_1_sZRlTMc.png"}}, {"model": "onlineshop.product", "pk": 6, "fields": {"name": "Sprint", "company": "", "original_price": null, "price": 50000.0, "ActualPrice": 60000.0, "color": "Yellow", "category": "", "description": "Sprint is a Electric Scooter with 24AH/48V and 70KMs/charge with 25 KM/h Speed.", "image": "img/slicer-bicycle-1_Xn3VLWK.png"}}, {"model": "onlineshop.product", "pk": 7, "fields": {"name": "Sprint", "company": "", "original_price": null, "price": 50000.0, "ActualPrice": 60000.0, "color": "White", "category": "", "description": "Sprint is a Electric Scooter with 24AH/48V and 70KMs/charge with 25 KM/h Speed.", "image": "img/SPRINT_.png"}}, {"model": "onlineshop.product", "pk": 8, "fields": {"name": "Sprint", "company": "", "original_price": null, "price": 50000.0, "ActualPrice": 60000.0, "color": "Yellow", "category": "", "description": "Sprint is a Electric Scooter with 24AH/48V and 70KMs/charge with 25 KM/h Speed.", "image": "img/Sprint_1_mhvDMdt.png"}}, {"model": "onlineshop.specs", "pk": 1, "fields": {"Product": 1, "listele": {"title": [["a", "adfdf"], ["b", "b"], ["c", "c"]], "SPECIFICATIONS": [["a", "a"]]}}}, {"model": "onlineshop.prodimg", "pk": 1, "fields": {"product": 1, "img": "img/h3_kWe9hxy.jpg"}}, {"model": "onlineshop.prodimg", "pk": 2, "fields": {"product": 1, "img": "img/h4_v6FrFzP.jpg"}}, {"model": "onlineshop.prodimg", "pk": 3, "fields": {"product": 1, "img": "img/slicer-bicycle-1_USBY3k7_3u8sJG1.png"}}, {"model": "onlineshop.prodimg", "pk": 4, "fields": {"product": 2, "img": "img/Neon_sEpsZot.png"}}, {"model": "onlineshop.orderplaced", "pk": 9, "fields": {"order_id": "PAY2ME20210731ODR9", "user": 2, "customer": 2, "product": 3, "quantity": 1, "order_date": "2021-07-31T09:15:24.548Z", "status": "pending"}}, {"model": "onlineshop.orderplaced", "pk": 10, "fields": {"order_id": "PAY2ME20210731ODR10", "user": 2, "customer": 2, "product": 3, "quantity": 1, "order_date": "2021-07-31T09:15:25.045Z", "status": "pending"}}, {"model": "onlineshop.orderplaced", "pk": 11, "fields": {"order_id": "PAY2ME20210804ODR11", "user": 3, "customer": 4, "product": 1, "quantity": 1, "order_date": "2021-08-04T11:06:20.633Z", "status": "pending"}}, {"model": "onlineshop.orderplaced", "pk": 12, "fields": {"order_id": "PAY2ME20210804ODR12", "user": 3, "customer": 4, "product": 3, "quantity": 1, "order_date": "2021-08-04T11:06:20.790Z", "status": "pending"}}, {"model": "onlineshop.orderplaced", "pk": 13, "fields": {"order_id": "PAY2ME20210804ODR13", "user": 3, "customer": 4, "product": 2, "quantity": 1, "order_date": "2021-08-04T11:06:20.936Z", "status": "pending"}}, {"model": "onlineshop.orderplaced", "pk": 14, "fields": {"order_id": "PAY2ME20210804ODR14", "user": 3, "customer": 4, "product": 1, "quantity": 1, "order_date": "2021-08-04T11:06:21.076Z", "status": "pending"}}, {"model": "onlineshop.orderplaced", "pk": 15, "fields": {"order_id": null, "user": 3, "customer": 3, "product": 4, "quantity": 2, "order_date": "2021-08-04T11:10:09.883Z", "status": "pending"}}, {"model": "onlineshop.orderplaced", "pk": 16, "fields": {"order_id": null, "user": 3, "customer": 3, "product": 4, "quantity": 2, "order_date": "2021-08-04T11:10:36.472Z", "status": "pending"}}, {"model": "onlineshop.orderplaced", "pk": 17, "fields": {"order_id": null, "user": 3, "customer": 3, "product": 4, "quantity": 2, "order_date": "2021-08-04T11:10:37.806Z", "status": "pending"}}, {"model": "onlineshop.orderplaced", "pk": 18, "fields": {"order_id": null, "user": 3, "customer": 3, "product": 4, "quantity": 2, "order_date": "2021-08-04T11:10:38.589Z", "status": "pending"}}, {"model": "onlineshop.orderplaced", "pk": 19, "fields": {"order_id": null, "user": 3, "customer": 3, "product": 4, "quantity": 2, "order_date": "2021-08-04T11:10:39.470Z", "status": "pending"}}, {"model": "onlineshop.orderplaced", "pk": 20, "fields": {"order_id": null, "user": 3, "customer": 3, "product": 4, "quantity": 2, "order_date": "2021-08-04T11:10:40.142Z", "status": "pending"}}, {"model": "onlineshop.orderplaced", "pk": 21, "fields": {"order_id": null, "user": 3, "customer": 3, "product": 4, "quantity": 2, "order_date": "2021-08-04T11:10:50.458Z", "status": "pending"}}, {"model": "onlineshop.orderplaced", "pk": 22, "fields": {"order_id": "PAY2ME20210804ODR22", "user": 3, "customer": 3, "product": 4, "quantity": 2, "order_date": "2021-08-04T11:12:00.275Z", "status": "pending"}}, {"model": "onlineshop.orderplaced", "pk": 23, "fields": {"order_id": "PAY2ME20210804ODR23", "user": 3, "customer": 3, "product": 1, "quantity": 2, "order_date": "2021-08-04T11:15:05.645Z", "status": "pending"}}, {"model": "onlineshop.orderplaced", "pk": 24, "fields": {"order_id": "PAY2ME20210804ODR24", "user": 3, "customer": 4, "product": 3, "quantity": 1, "order_date": "2021-08-04T11:28:39.215Z", "status": "pending"}}, {"model": "onlineshop.orderplaced", "pk": 26, "fields": {"order_id": null, "user": 4, "customer": 5, "product": 2, "quantity": 1, "order_date": "2021-08-07T14:48:44.944Z", "status": "pending"}}, {"model": "onlineshop.orderplaced", "pk": 27, "fields": {"order_id": "PAY2ME20210807ODR27", "user": 4, "customer": 5, "product": 2, "quantity": 1, "order_date": "2021-08-07T14:49:08.651Z", "status": "pending"}}, {"model": "onlineshop.orderplaced", "pk": 28, "fields": {"order_id": "PAY2ME20210807ODR28", "user": 4, "customer": 5, "product": 2, "quantity": 1, "order_date": "2021-08-07T14:50:47.102Z", "status": "pending"}}, {"model": "onlineshop.orderplaced", "pk": 30, "fields": {"order_id": "PAY2ME20210807ODR30", "user": 3, "customer": 4, "product": 3, "quantity": 1, "order_date": "2021-08-07T14:59:42.975Z", "status": "pending"}}, {"model": "onlineshop.orderplaced", "pk": 31, "fields": {"order_id": "PAY2ME20210807ODR31", "user": 3, "customer": 3, "product": 6, "quantity": 1, "order_date": "2021-08-07T15:01:20.885Z", "status": "Accepted"}}, {"model": "onlineshop.orderplaced", "pk": 32, "fields": {"order_id": "PAY2ME20210807ODR32", "user": 3, "customer": 4, "product": 3, "quantity": 1, "order_date": "2021-08-07T15:08:35.571Z", "status": "Cancel"}}, {"model": "onlineshop.orderplaced", "pk": 33, "fields": {"order_id": "PAY2ME20210807ODR33", "user": 4, "customer": 5, "product": 2, "quantity": 1, "order_date": "2021-08-07T15:14:44.546Z", "status": "Cancel"}}]